발생시각,규모,깊이(km),위도,경도,발생일,p_arrival_utc,s_arrival_utc
2017-12-30 10:35:17,1.0,11.0,36.11,129.34,2017-12-30,2017-12-30 01:35:21.542428103+00:00,2017-12-30 01:35:23.798468048+00:00
2017-12-30 01:00:12,1.4,10.0,36.09,129.35,2017-12-30,2017-12-29 16:00:16.736688378+00:00,2017-12-29 16:00:18.840679124+00:00
2017-12-30 00:53:44,1.5,10.0,36.09,129.35,2017-12-30,2017-12-29 15:53:48.736688378+00:00,2017-12-29 15:53:50.840679124+00:00
2017-12-30 00:05:19,1.3,10.0,36.09,129.34,2017-12-30,2017-12-29 15:05:23.605040065+00:00,2017-12-29 15:05:25.698919674+00:00
2017-12-29 21:33:24,1.6,8.0,36.12,129.39,2017-12-29,2017-12-29 12:33:29.008735881+00:00,2017-12-29 12:33:30.758694725+00:00
2017-12-29 17:40:22,2.1,10.0,36.11,129.34,2017-12-29,2017-12-29 08:40:26.473485781+00:00,2017-12-29 08:40:28.556599267+00:00
2017-12-28 02:29:34,1.2,11.0,36.08,129.33,2017-12-28,2017-12-27 17:29:38.620931428+00:00,2017-12-27 17:29:40.885303971+00:00
2017-12-27 19:42:44,2.3,8.0,36.11,129.36,2017-12-27,2017-12-27 10:42:48.631948310+00:00,2017-12-27 10:42:50.365205889+00:00
2017-12-27 19:27:45,2.8,8.0,36.11,129.36,2017-12-27,2017-12-27 10:27:49.631948310+00:00,2017-12-27 10:27:51.365205889+00:00
2017-12-26 04:05:46,2.2,6.0,36.14,129.37,2017-12-26,2017-12-25 19:05:50.550993031+00:00,2017-12-25 19:05:51.889635682+00:00
2017-12-25 16:32:02,2.1,8.0,36.11,129.36,2017-12-25,2017-12-25 07:32:06.631948310+00:00,2017-12-25 07:32:08.365205889+00:00
2017-12-25 16:24:26,1.2,,36.1,129.35,2017-12-25,,
2017-12-25 16:19:22,3.5,10.0,36.11,129.36,2017-12-25,2017-12-25 07:19:26.745413966+00:00,2017-12-25 07:19:28.850053+00:00
2017-12-25 03:21:53,1.8,12.0,36.13,129.41,2017-12-25,2017-12-24 18:21:58.479084160+00:00,2017-12-24 18:22:00.988420127+00:00
2017-12-23 11:31:37,1.9,19.0,35.81,129.7,2017-12-23,2017-12-23 02:31:49.195459576+00:00,2017-12-23 02:31:53.467586417+00:00
2017-12-23 05:20:22,1.6,8.0,36.11,129.36,2017-12-23,2017-12-22 20:20:26.631948310+00:00,2017-12-22 20:20:28.365205889+00:00
2017-12-22 05:22:43,1.2,9.0,36.13,129.35,2017-12-22,2017-12-21 20:22:47.447297393+00:00,2017-12-21 20:22:49.353809418+00:00
2017-12-22 05:20:24,1.5,9.0,36.11,129.36,2017-12-22,2017-12-21 20:20:28.685853473+00:00,2017-12-21 20:20:30.607639108+00:00
2017-12-22 01:04:38,0.9,5.0,36.1,129.37,2017-12-22,2017-12-21 16:04:42.710890540+00:00,2017-12-21 16:04:43.846347626+00:00
2017-12-20 09:40:27,1.6,6.0,36.08,129.32,2017-12-20,2017-12-20 00:40:31.207763663+00:00,2017-12-20 00:40:32.536242350+00:00
2017-12-20 04:41:04,1.4,19.0,35.86,129.66,2017-12-20,2017-12-19 19:41:15.246874462+00:00,2017-12-19 19:41:19.401164044+00:00
2017-12-19 23:06:58,1.4,9.0,36.1,129.34,2017-12-19,2017-12-19 14:07:02.473309805+00:00,2017-12-19 14:07:04.381573453+00:00
2017-12-19 21:38:25,1.3,10.0,36.09,129.34,2017-12-19,2017-12-19 12:38:29.605040065+00:00,2017-12-19 12:38:31.698919674+00:00
2017-12-17 14:35:52,1.6,9.0,36.13,129.36,2017-12-17,2017-12-17 05:35:56.588648837+00:00,2017-12-17 05:35:58.504418933+00:00
2017-12-17 14:22:05,1.4,,36.13,129.39,2017-12-17,,
2017-12-17 12:38:58,0.8,,36.12,129.36,2017-12-17,,
2017-12-17 02:50:02,1.8,,36.09,129.35,2017-12-17,,
2017-12-15 12:40:28,1.5,9.0,36.1,129.35,2017-12-15,2017-12-15 03:40:32.608726532+00:00,2017-12-15 03:40:34.525761658+00:00
2017-12-14 05:08:59,1.3,,36.08,129.35,2017-12-14,,
2017-12-13 14:10:09,1.6,5.0,36.14,129.37,2017-12-13,2017-12-13 05:10:13.515266502+00:00,2017-12-13 05:10:14.647144546+00:00
2017-12-13 04:50:31,1.2,10.0,36.12,129.38,2017-12-13,2017-12-12 19:50:35.972880165+00:00,2017-12-12 19:50:38.093541075+00:00
2017-12-09 10:51:26,1.5,6.0,36.1,129.35,2017-12-09,2017-12-09 01:51:30.462235749+00:00,2017-12-09 01:51:31.798404062+00:00
2017-12-09 02:41:48,1.8,11.0,36.1,129.35,2017-12-09,2017-12-08 17:41:52.735345889+00:00,2017-12-08 17:41:55.010570104+00:00
2017-12-09 02:39:18,2.3,9.0,36.1,129.35,2017-12-09,2017-12-08 17:39:22.608726532+00:00,2017-12-08 17:39:24.525761658+00:00
2017-12-09 01:49:59,2.2,8.0,36.1,129.35,2017-12-09,2017-12-08 16:50:03.553896091+00:00,2017-12-08 16:50:05.283328439+00:00
2017-12-08 16:50:33,1.1,7.0,36.08,129.33,2017-12-08,2017-12-08 07:50:37.384502848+00:00,2017-12-08 07:50:38.915609771+00:00
2017-12-07 07:31:11,1.6,9.0,36.08,129.33,2017-12-07,2017-12-06 22:31:15.491050003+00:00,2017-12-06 22:31:17.400495525+00:00
2017-12-05 21:19:32,2.1,11.0,36.02,129.45,2017-12-05,2017-12-05 12:19:38.670201198+00:00,2017-12-05 12:19:41.068190440+00:00
2017-12-04 00:15:14,1.0,12.0,36.09,129.32,2017-12-04,2017-12-03 15:15:18.493698290+00:00,2017-12-03 15:15:20.902545905+00:00
2017-12-03 17:26:05,1.5,11.0,36.12,129.36,2017-12-03,2017-12-03 08:26:09.759498543+00:00,2017-12-03 08:26:12.036938026+00:00
2017-12-03 15:11:33,1.0,10.0,36.11,129.35,2017-12-03,2017-12-03 06:11:37.608859384+00:00,2017-12-03 06:11:39.703041347+00:00
2017-12-03 10:25:06,1.1,10.0,36.1,129.35,2017-12-03,2017-12-03 01:25:10.669283043+00:00,2017-12-03 01:25:12.768175550+00:00
2017-12-03 04:36:56,1.2,9.0,36.11,129.37,2017-12-03,2017-12-02 19:37:00.825210807+00:00,2017-12-02 19:37:02.755165388+00:00
2017-12-03 03:45:48,1.5,11.0,36.09,129.34,2017-12-03,2017-12-02 18:45:52.672021445+00:00,2017-12-02 18:45:54.941314228+00:00
2017-12-02 13:55:51,1.2,9.0,36.09,129.35,2017-12-02,2017-12-02 04:55:55.677015378+00:00,2017-12-02 04:55:57.598265231+00:00
2017-12-02 09:46:52,1.4,9.0,36.14,129.39,2017-12-02,2017-12-02 00:46:56.983309976+00:00,2017-12-02 00:46:58.921940022+00:00
2017-12-02 09:14:52,1.4,11.0,36.1,129.37,2017-12-02,2017-12-02 00:14:57.002601317+00:00,2017-12-02 00:14:59.301004804+00:00
2017-12-02 06:39:40,1.4,9.0,36.1,129.35,2017-12-02,2017-12-01 21:39:44.608726532+00:00,2017-12-01 21:39:46.525761658+00:00
2017-12-02 04:26:54,1.2,10.0,36.08,129.34,2017-12-02,2017-12-01 19:26:58.681201157+00:00,2017-12-01 19:27:00.781006882+00:00
2017-12-01 23:09:54,1.8,5.0,36.09,129.34,2017-12-01,2017-12-01 14:09:58.357893757+00:00,2017-12-01 14:09:59.486657051+00:00
2017-12-01 08:38:13,0.8,8.0,36.11,129.38,2017-12-01,2017-11-30 23:38:17.914682918+00:00,2017-11-30 23:38:19.660724819+00:00
2017-12-01 08:03:26,2.4,7.0,36.1,129.35,2017-12-01,2017-11-30 23:03:30.505000761+00:00,2017-11-30 23:03:32.040875903+00:00
2017-12-01 03:47:43,1.7,8.0,36.14,129.38,2017-12-01,2017-11-30 18:47:47.786512617+00:00,2017-11-30 18:47:49.526956262+00:00
2017-11-30 21:56:24,1.0,5.0,36.13,129.38,2017-11-30,2017-11-30 12:56:28.701328054+00:00,2017-11-30 12:56:29.836617163+00:00
2017-11-30 15:18:19,1.5,8.0,36.13,129.38,2017-11-30,2017-11-30 06:18:23.822007327+00:00,2017-11-30 06:18:25.564032676+00:00
2017-11-30 14:34:21,1.4,,36.13,129.35,2017-11-30,,
2017-11-30 09:27:37,1.5,11.0,36.1,129.37,2017-11-30,2017-11-30 00:27:42.002601317+00:00,2017-11-30 00:27:44.301004804+00:00
2017-11-29 21:12:14,1.4,12.0,36.09,129.33,2017-11-29,2017-11-29 12:12:18.618121693+00:00,2017-11-29 12:12:21.042336609+00:00
2017-11-29 01:33:48,1.4,10.0,36.1,129.34,2017-11-29,2017-11-28 16:33:52.535695934+00:00,2017-11-28 16:33:54.623987345+00:00
2017-11-28 07:14:52,1.1,,36.12,129.36,2017-11-28,,
2017-11-27 08:07:23,1.7,6.0,36.12,129.38,2017-11-27,2017-11-26 23:07:27.779196734+00:00,2017-11-26 23:07:29.123769587+00:00
2017-11-27 06:06:45,1.6,6.0,36.11,129.37,2017-11-27,2017-11-26 21:06:49.685595932+00:00,2017-11-26 21:06:51.027807793+00:00
2017-11-27 03:45:41,1.1,5.0,36.1,129.34,2017-11-27,2017-11-26 18:45:45.284493364+00:00,2017-11-26 18:45:46.411724722+00:00
2017-11-27 03:36:25,1.0,10.0,36.1,129.36,2017-11-27,2017-11-26 18:36:29.804137336+00:00,2017-11-26 18:36:31.913072002+00:00
2017-11-27 02:04:09,0.7,8.0,36.13,129.37,2017-11-27,2017-11-26 17:04:13.677455054+00:00,2017-11-26 17:04:15.412880518+00:00
2017-11-26 18:59:28,1.8,5.0,36.1,129.33,2017-11-26,2017-11-26 09:59:32.144170969+00:00,2017-11-26 09:59:33.268320320+00:00
2017-11-26 13:30:12,1.4,8.0,36.13,129.35,2017-11-26,2017-11-26 04:30:16.390425229+00:00,2017-11-26 04:30:18.111376199+00:00
2017-11-26 07:08:56,1.9,8.0,36.12,129.37,2017-11-26,2017-11-25 22:09:00.721533610+00:00,2017-11-25 22:09:02.459016757+00:00
2017-11-26 00:27:01,1.3,,36.11,129.34,2017-11-26,,
2017-11-25 18:49:52,1.2,11.0,36.11,129.34,2017-11-25,2017-11-25 09:49:56.542428103+00:00,2017-11-25 09:49:58.798468048+00:00
2017-11-25 18:32:22,1.1,10.0,36.12,129.36,2017-11-25,2017-11-25 09:32:26.693779482+00:00,2017-11-25 09:32:28.794543471+00:00
2017-11-25 16:45:41,1.6,11.0,36.14,129.37,2017-11-25,2017-11-25 07:45:45.819010578+00:00,2017-11-25 07:45:48.101801724+00:00
2017-11-25 14:11:29,1.3,8.0,36.12,129.38,2017-11-25,2017-11-25 05:11:33.864794306+00:00,2017-11-25 05:11:35.608693964+00:00
2017-11-25 14:10:41,2.3,8.0,36.11,129.35,2017-11-25,2017-11-25 05:10:45.491900943+00:00,2017-11-25 05:10:47.218194236+00:00
2017-11-25 12:51:11,2.0,8.0,36.1,129.35,2017-11-25,2017-11-25 03:51:15.553896091+00:00,2017-11-25 03:51:17.283328439+00:00
2017-11-25 07:07:20,1.3,5.0,36.13,129.37,2017-11-25,2017-11-24 22:07:24.552874809+00:00,2017-11-24 22:07:25.685465005+00:00
2017-11-25 05:04:07,1.4,7.0,36.14,129.38,2017-11-25,2017-11-24 20:04:11.740053418+00:00,2017-11-24 20:04:13.284503727+00:00
2017-11-25 02:13:15,1.6,7.0,36.09,129.36,2017-11-25,2017-11-24 17:13:19.712498326+00:00,2017-11-24 17:13:21.255989338+00:00
2017-11-25 02:13:14,1.9,7.0,36.1,129.34,2017-11-25,2017-11-24 17:13:18.366324035+00:00,2017-11-24 17:13:19.896687699+00:00
2017-11-25 02:12:25,1.9,6.0,36.13,129.38,2017-11-25,2017-11-24 17:12:29.735622720+00:00,2017-11-24 17:12:31.079108299+00:00
2017-11-25 02:08:12,1.9,9.0,36.14,129.38,2017-11-25,2017-11-24 17:08:16.838672559+00:00,2017-11-24 17:08:18.769389481+00:00
2017-11-24 23:29:15,1.4,6.0,36.1,129.35,2017-11-24,2017-11-24 14:29:19.462235749+00:00,2017-11-24 14:29:20.798404062+00:00
2017-11-24 23:23:10,1.3,7.0,36.11,129.35,2017-11-24,2017-11-24 14:23:14.442313398+00:00,2017-11-24 14:23:15.975741701+00:00
2017-11-24 23:17:08,1.9,5.0,36.1,129.35,2017-11-24,2017-11-24 14:17:12.425778588+00:00,2017-11-24 14:17:13.555912926+00:00
2017-11-24 11:23:45,1.5,,36.11,129.36,2017-11-24,,
2017-11-24 07:26:25,1.3,7.0,36.11,129.37,2017-11-24,2017-11-23 22:26:29.726306459+00:00,2017-11-23 22:26:31.270279634+00:00
2017-11-24 01:17:27,2.3,8.0,36.11,129.35,2017-11-24,2017-11-23 16:17:31.491900943+00:00,2017-11-23 16:17:33.218194236+00:00
2017-11-23 23:27:05,2.3,14.0,36.11,129.37,2017-11-23,2017-11-23 14:27:10.165733524+00:00,2017-11-23 14:27:12.966518851+00:00
2017-11-23 20:18:48,1.5,7.0,36.09,129.35,2017-11-23,2017-11-23 11:18:52.574859963+00:00,2017-11-23 11:18:54.113379477+00:00
2017-11-23 11:35:51,1.5,7.0,36.11,129.37,2017-11-23,2017-11-23 02:35:55.726306459+00:00,2017-11-23 02:35:57.270279634+00:00
2017-11-23 10:31:43,1.7,,36.12,129.37,2017-11-23,,
2017-11-23 09:27:31,1.5,11.0,36.09,129.34,2017-11-23,2017-11-23 00:27:35.672021445+00:00,2017-11-23 00:27:37.941314228+00:00
2017-11-23 08:04:59,1.7,8.0,36.1,129.35,2017-11-23,2017-11-22 23:05:03.553896091+00:00,2017-11-22 23:05:05.283328439+00:00
2017-11-23 03:09:02,1.7,5.0,36.09,129.34,2017-11-23,2017-11-22 18:09:06.357893757+00:00,2017-11-22 18:09:07.486657051+00:00
2017-11-22 22:15:41,2.0,8.0,36.12,129.35,2017-11-22,2017-11-22 13:15:45.437318483+00:00,2017-11-22 13:15:47.160770653+00:00
2017-11-22 20:49:04,0.9,10.0,36.1,129.34,2017-11-22,2017-11-22 11:49:08.535695934+00:00,2017-11-22 11:49:10.623987345+00:00
2017-11-22 19:00:59,1.4,7.0,36.12,129.38,2017-11-22,2017-11-22 10:01:03.819102159+00:00,2017-11-22 10:01:05.366241428+00:00
2017-11-22 15:52:43,1.4,11.0,36.09,129.33,2017-11-22,2017-11-22 06:52:47.543789022+00:00,2017-11-22 06:52:49.799967005+00:00
2017-11-22 15:35:53,1.1,6.0,36.08,129.33,2017-11-22,2017-11-22 06:35:57.340531336+00:00,2017-11-22 06:35:58.673137930+00:00
2017-11-22 15:01:08,1.2,8.0,36.12,129.36,2017-11-22,2017-11-22 06:01:12.579017714+00:00,2017-11-22 06:01:14.309696360+00:00
2017-11-22 14:25:41,1.2,5.0,36.11,129.36,2017-11-22,2017-11-22 05:25:45.506087961+00:00,2017-11-22 05:25:46.637790377+00:00
2017-11-22 13:05:56,1.1,8.0,36.09,129.34,2017-11-22,2017-11-22 04:06:00.487980862+00:00,2017-11-22 04:06:02.214072563+00:00
2017-11-22 12:56:35,0.6,10.0,36.1,129.34,2017-11-22,2017-11-22 03:56:39.535695934+00:00,2017-11-22 03:56:41.623987345+00:00
2017-11-22 12:43:31,1.5,10.0,36.09,129.34,2017-11-22,2017-11-22 03:43:35.605040065+00:00,2017-11-22 03:43:37.698919674+00:00
2017-11-22 12:41:46,2.5,8.0,36.1,129.35,2017-11-22,2017-11-22 03:41:50.553896091+00:00,2017-11-22 03:41:52.283328439+00:00
2017-11-22 11:41:36,0.8,10.0,36.11,129.35,2017-11-22,2017-11-22 02:41:40.608859384+00:00,2017-11-22 02:41:42.703041347+00:00
2017-11-22 11:12:32,1.7,10.0,36.09,129.34,2017-11-22,2017-11-22 02:12:36.605040065+00:00,2017-11-22 02:12:38.698919674+00:00
2017-11-22 08:05:01,1.0,9.0,36.12,129.35,2017-11-22,2017-11-21 23:05:05.493589966+00:00,2017-11-21 23:05:07.403203872+00:00
2017-11-22 07:51:25,1.4,,36.08,129.34,2017-11-22,,
2017-11-22 06:47:09,1.2,11.0,36.1,129.35,2017-11-22,2017-11-21 21:47:13.735345889+00:00,2017-11-21 21:47:16.010570104+00:00
2017-11-22 06:33:59,1.4,11.0,36.1,129.34,2017-11-22,2017-11-21 21:34:03.603697169+00:00,2017-11-21 21:34:05.865859194+00:00
2017-11-22 04:57:51,1.0,5.0,36.11,129.36,2017-11-22,2017-11-21 19:57:55.506087961+00:00,2017-11-21 19:57:56.637790377+00:00
2017-11-22 04:05:19,1.2,10.0,36.12,129.36,2017-11-22,2017-11-21 19:05:23.693779482+00:00,2017-11-21 19:05:25.794543471+00:00
2017-11-22 03:08:44,1.0,,36.13,129.38,2017-11-22,,
2017-11-22 02:59:56,0.7,,36.1,129.36,2017-11-22,,
2017-11-22 01:44:32,0.8,,36.12,129.36,2017-11-22,,
2017-11-22 01:04:08,1.3,,36.13,129.35,2017-11-22,,
2017-11-21 23:41:56,1.4,10.0,36.12,129.36,2017-11-21,2017-11-21 14:42:00.693779482+00:00,2017-11-21 14:42:02.794543471+00:00
2017-11-21 21:22:17,1.5,10.0,36.08,129.32,2017-11-21,2017-11-21 12:22:21.426885790+00:00,2017-11-21 12:22:23.505491362+00:00
2017-11-21 20:46:25,1.6,12.0,36.07,129.33,2017-11-21,2017-11-21 11:46:29.776418439+00:00,2017-11-21 11:46:32.218832418+00:00
2017-11-21 19:46:21,1.6,6.0,36.14,129.36,2017-11-21,2017-11-21 10:46:25.402951607+00:00,2017-11-21 10:46:26.737410298+00:00
2017-11-21 16:14:23,1.3,7.0,36.14,129.37,2017-11-21,2017-11-21 07:14:27.592918087+00:00,2017-11-21 07:14:29.132107523+00:00
2017-11-21 09:53:01,2.4,,36.11,129.33,2017-11-21,,
2017-11-21 09:28:52,0.8,10.0,36.1,129.34,2017-11-21,2017-11-21 00:28:56.535695934+00:00,2017-11-21 00:28:58.623987345+00:00
2017-11-21 08:57:29,2.1,9.0,36.09,129.34,2017-11-21,2017-11-20 23:57:33.543617165+00:00,2017-11-20 23:57:35.456505782+00:00
2017-11-21 05:58:34,2.0,13.0,36.09,129.35,2017-11-21,2017-11-20 20:58:38.947541517+00:00,2017-11-20 20:58:41.567280682+00:00
2017-11-21 03:27:43,1.2,10.0,36.11,129.35,2017-11-21,2017-11-20 18:27:47.608859384+00:00,2017-11-20 18:27:49.703041347+00:00
2017-11-21 02:17:25,1.4,9.0,36.12,129.37,2017-11-21,2017-11-20 17:17:29.774413671+00:00,2017-11-20 17:17:31.701449976+00:00
2017-11-21 01:15:27,1.5,9.0,36.11,129.36,2017-11-21,2017-11-20 16:15:31.685853473+00:00,2017-11-20 16:15:33.607639108+00:00
2017-11-20 22:45:42,1.5,9.0,36.09,129.34,2017-11-20,2017-11-20 13:45:46.543617165+00:00,2017-11-20 13:45:48.456505782+00:00
2017-11-20 14:25:02,1.0,10.0,36.08,129.33,2017-11-20,2017-11-20 05:25:06.553190332+00:00,2017-11-20 05:25:08.642909417+00:00
2017-11-20 11:37:24,1.4,9.0,36.13,129.38,2017-11-20,2017-11-20 02:37:28.873781941+00:00,2017-11-20 02:37:30.806465895+00:00
2017-11-20 11:25:21,1.4,6.0,36.12,129.37,2017-11-20,2017-11-20 02:25:25.633243529+00:00,2017-11-20 02:25:26.974092380+00:00
2017-11-20 11:06:27,1.9,9.0,36.09,129.35,2017-11-20,2017-11-20 02:06:31.677015378+00:00,2017-11-20 02:06:33.598265231+00:00
2017-11-20 07:37:45,1.7,10.0,36.11,129.36,2017-11-20,2017-11-19 22:37:49.745413966+00:00,2017-11-19 22:37:51.850053+00:00
2017-11-20 07:15:55,1.4,12.0,36.12,129.38,2017-11-20,2017-11-19 22:16:00.102025404+00:00,2017-11-19 22:16:02.578310835+00:00
2017-11-20 06:41:19,1.9,10.0,36.12,129.35,2017-11-20,2017-11-19 21:41:23.555695258+00:00,2017-11-19 21:41:25.645617764+00:00
2017-11-20 06:13:36,1.0,9.0,36.14,129.38,2017-11-20,2017-11-19 21:13:40.838672559+00:00,2017-11-19 21:13:42.769389481+00:00
2017-11-20 06:05:15,3.6,12.0,36.14,129.36,2017-11-20,2017-11-19 21:05:19.751755627+00:00,2017-11-19 21:05:22.191427025+00:00
2017-11-20 05:31:28,1.2,,36.1,129.34,2017-11-20,,
2017-11-20 03:59:02,1.5,5.0,36.11,129.36,2017-11-20,2017-11-19 18:59:06.506087961+00:00,2017-11-19 18:59:07.637790377+00:00
2017-11-20 03:57:53,1.7,5.0,36.11,129.36,2017-11-20,2017-11-19 18:57:57.506087961+00:00,2017-11-19 18:57:58.637790377+00:00
2017-11-20 03:25:31,1.0,,36.1,129.35,2017-11-20,,
2017-11-20 03:17:20,1.5,11.0,36.1,129.36,2017-11-20,2017-11-19 18:17:24.868349977+00:00,2017-11-19 18:17:27.155466557+00:00
2017-11-20 01:39:26,1.6,10.0,36.08,129.33,2017-11-20,2017-11-19 16:39:30.553190332+00:00,2017-11-19 16:39:32.642909417+00:00
2017-11-20 01:27:14,1.6,10.0,36.13,129.39,2017-11-20,2017-11-19 16:27:19.073044749+00:00,2017-11-19 16:27:21.200264856+00:00
2017-11-19 23:45:47,3.5,9.0,36.12,129.36,2017-11-19,2017-11-19 14:45:51.633547004+00:00,2017-11-19 14:45:53.552129579+00:00
2017-11-19 23:36:08,1.6,7.0,36.11,129.36,2017-11-19,2017-11-19 14:36:12.583897864+00:00,2017-11-19 14:36:14.122753354+00:00
2017-11-19 22:57:42,1.2,9.0,36.09,129.36,2017-11-19,2017-11-19 13:57:46.811690757+00:00,2017-11-19 13:57:48.740875092+00:00
2017-11-19 22:35:29,1.4,10.0,36.09,129.34,2017-11-19,2017-11-19 13:35:33.605040065+00:00,2017-11-19 13:35:35.698919674+00:00
2017-11-19 22:30:35,0.9,5.0,36.1,129.35,2017-11-19,2017-11-19 13:30:39.425778588+00:00,2017-11-19 13:30:40.555912926+00:00
2017-11-19 22:05:39,1.5,,36.13,129.39,2017-11-19,,
2017-11-19 20:52:11,1.6,11.0,36.1,129.35,2017-11-19,2017-11-19 11:52:15.735345889+00:00,2017-11-19 11:52:18.010570104+00:00
2017-11-19 20:20:20,1.3,7.0,36.1,129.37,2017-11-19,2017-11-19 11:20:24.785309587+00:00,2017-11-19 11:20:26.331310603+00:00
2017-11-19 20:16:04,1.6,10.0,36.09,129.35,2017-11-19,2017-11-19 11:16:08.736688378+00:00,2017-11-19 11:16:10.840679124+00:00
2017-11-19 19:39:33,1.4,7.0,36.1,129.34,2017-11-19,2017-11-19 10:39:37.366324035+00:00,2017-11-19 10:39:38.896687699+00:00
2017-11-19 19:17:01,1.6,5.0,36.08,129.33,2017-11-19,2017-11-19 10:17:05.303023691+00:00,2017-11-19 10:17:06.430646794+00:00
2017-11-19 19:15:46,1.4,6.0,36.14,129.37,2017-11-19,2017-11-19 10:15:50.550993031+00:00,2017-11-19 10:15:51.889635682+00:00
2017-11-19 18:59:08,1.6,13.0,36.09,129.34,2017-11-19,2017-11-19 09:59:12.821713826+00:00,2017-11-19 09:59:15.425514779+00:00
2017-11-19 18:07:20,1.3,6.0,36.11,129.35,2017-11-19,2017-11-19 09:07:24.398928897+00:00,2017-11-19 09:07:25.733269860+00:00
2017-11-19 18:03:12,1.5,7.0,36.1,129.35,2017-11-19,2017-11-19 09:03:16.505000761+00:00,2017-11-19 09:03:18.040875903+00:00
2017-11-19 14:27:49,1.9,9.0,36.1,129.37,2017-11-19,2017-11-19 05:27:53.883000920+00:00,2017-11-19 05:27:55.816196358+00:00
2017-11-19 12:56:56,1.6,9.0,36.11,129.36,2017-11-19,2017-11-19 03:57:00.685853473+00:00,2017-11-19 03:57:02.607639108+00:00
2017-11-19 10:27:55,1.3,11.0,36.11,129.35,2017-11-19,2017-11-19 01:27:59.675785455+00:00,2017-11-19 01:28:01.945435902+00:00
2017-11-19 08:45:37,1.6,6.0,36.11,129.37,2017-11-19,2017-11-18 23:45:41.685595932+00:00,2017-11-18 23:45:43.027807793+00:00
2017-11-19 07:32:19,1.6,5.0,36.14,129.36,2017-11-19,2017-11-18 22:32:23.365990086+00:00,2017-11-18 22:32:24.494919162+00:00
2017-11-19 07:12:41,1.1,7.0,36.12,129.37,2017-11-19,2017-11-18 22:12:45.674418233+00:00,2017-11-18 22:12:47.216564221+00:00
2017-11-19 06:40:59,2.2,11.0,36.09,129.34,2017-11-19,2017-11-18 21:41:03.672021445+00:00,2017-11-18 21:41:05.941314228+00:00
2017-11-19 05:54:41,1.5,5.0,36.14,129.37,2017-11-19,2017-11-18 20:54:45.515266502+00:00,2017-11-18 20:54:46.647144546+00:00
2017-11-19 05:50:17,1.4,,36.11,129.36,2017-11-19,,
2017-11-19 05:07:05,2.1,8.0,36.12,129.38,2017-11-19,2017-11-18 20:07:09.864794306+00:00,2017-11-18 20:07:11.608693964+00:00
2017-11-19 04:53:25,1.6,6.0,36.1,129.34,2017-11-19,2017-11-18 19:53:29.322164718+00:00,2017-11-18 19:53:30.654215858+00:00
2017-11-19 04:10:58,0.9,8.0,36.12,129.38,2017-11-19,2017-11-18 19:11:02.864794306+00:00,2017-11-18 19:11:04.608693964+00:00
2017-11-19 04:05:18,1.3,5.0,36.13,129.37,2017-11-19,2017-11-18 19:05:22.552874809+00:00,2017-11-18 19:05:23.685465005+00:00
2017-11-19 03:38:01,1.9,10.0,36.09,129.35,2017-11-19,2017-11-18 18:38:05.736688378+00:00,2017-11-18 18:38:07.840679124+00:00
2017-11-19 03:35:15,1.5,8.0,36.08,129.35,2017-11-19,2017-11-18 18:35:19.698915940+00:00,2017-11-18 18:35:21.435348335+00:00
2017-11-19 03:33:31,2.4,12.0,36.09,129.35,2017-11-19,2017-11-18 18:33:35.872172430+00:00,2017-11-18 18:33:38.325448884+00:00
2017-11-19 01:51:24,1.5,6.0,36.1,129.33,2017-11-19,2017-11-18 16:51:28.183128485+00:00,2017-11-18 16:51:29.510811456+00:00
2017-11-19 01:41:27,1.4,5.0,36.1,129.35,2017-11-19,2017-11-18 16:41:31.425778588+00:00,2017-11-18 16:41:32.555912926+00:00
2017-11-19 01:26:58,1.6,7.0,36.14,129.37,2017-11-19,2017-11-18 16:27:02.592918087+00:00,2017-11-18 16:27:04.132107523+00:00
2017-11-19 01:18:38,2.0,8.0,36.11,129.34,2017-11-19,2017-11-18 16:18:42.352847089+00:00,2017-11-18 16:18:44.071752156+00:00
2017-11-19 00:59:00,1.5,7.0,36.12,129.37,2017-11-19,2017-11-18 15:59:04.674418233+00:00,2017-11-18 15:59:06.216564221+00:00
2017-11-18 23:38:02,1.4,6.0,36.1,129.35,2017-11-18,2017-11-18 14:38:06.462235749+00:00,2017-11-18 14:38:07.798404062+00:00
2017-11-18 23:29:35,1.6,9.0,36.09,129.34,2017-11-18,2017-11-18 14:29:39.543617165+00:00,2017-11-18 14:29:41.456505782+00:00
2017-11-18 23:28:05,0.9,6.0,36.1,129.36,2017-11-18,2017-11-18 14:28:09.603246916+00:00,2017-11-18 14:28:10.943300515+00:00
2017-11-18 22:06:13,0.9,,36.12,129.37,2017-11-18,,
2017-11-18 21:51:18,1.4,,36.11,129.37,2017-11-18,,
2017-11-18 21:35:10,1.2,7.0,36.11,129.35,2017-11-18,2017-11-18 12:35:14.442313398+00:00,2017-11-18 12:35:15.975741701+00:00
2017-11-18 21:34:18,1.5,6.0,36.1,129.33,2017-11-18,2017-11-18 12:34:22.183128485+00:00,2017-11-18 12:34:23.510811456+00:00
2017-11-18 21:07:06,1.3,,36.11,129.36,2017-11-18,,
2017-11-18 20:20:25,1.0,5.0,36.1,129.35,2017-11-18,2017-11-18 11:20:29.425778588+00:00,2017-11-18 11:20:30.555912926+00:00
2017-11-18 20:19:13,1.4,5.0,36.08,129.33,2017-11-18,2017-11-18 11:19:17.303023691+00:00,2017-11-18 11:19:18.430646794+00:00
2017-11-18 19:19:08,1.3,6.0,36.09,129.35,2017-11-18,2017-11-18 10:19:12.532765013+00:00,2017-11-18 10:19:13.870907636+00:00
2017-11-18 18:21:09,1.2,10.0,36.09,129.34,2017-11-18,2017-11-18 09:21:13.605040065+00:00,2017-11-18 09:21:15.698919674+00:00
2017-11-18 17:19:07,1.2,8.0,36.14,129.39,2017-11-18,2017-11-18 08:19:11.932702337+00:00,2017-11-18 08:19:13.679506803+00:00
2017-11-18 15:47:02,0.5,,36.09,129.33,2017-11-18,,
2017-11-18 15:26:38,0.8,,36.1,129.33,2017-11-18,,
2017-11-18 14:37:43,1.4,8.0,36.1,129.33,2017-11-18,2017-11-18 05:37:47.280857869+00:00,2017-11-18 05:37:48.995735832+00:00
2017-11-18 12:07:48,1.5,19.0,36.16,129.38,2017-11-18,2017-11-18 03:07:53.589463744+00:00,2017-11-18 03:07:57.141412538+00:00
2017-11-18 11:59:21,1.0,7.0,36.11,129.35,2017-11-18,2017-11-18 02:59:25.442313398+00:00,2017-11-18 02:59:26.975741701+00:00
2017-11-18 11:57:26,1.6,9.0,36.08,129.33,2017-11-18,2017-11-18 02:57:30.491050003+00:00,2017-11-18 02:57:32.400495525+00:00
2017-11-18 07:57:01,1.0,9.0,36.1,129.35,2017-11-18,2017-11-17 22:57:05.608726532+00:00,2017-11-17 22:57:07.525761658+00:00
2017-11-18 07:19:26,1.2,,36.12,129.36,2017-11-18,,
2017-11-18 07:08:22,1.5,9.0,36.12,129.37,2017-11-18,2017-11-17 22:08:26.774413671+00:00,2017-11-17 22:08:28.701449976+00:00
2017-11-18 05:27:42,0.6,8.0,36.12,129.35,2017-11-18,2017-11-17 20:27:46.437318483+00:00,2017-11-17 20:27:48.160770653+00:00
2017-11-18 05:19:12,1.5,6.0,36.14,129.38,2017-11-18,2017-11-17 20:19:16.699464157+00:00,2017-11-17 20:19:18.042031886+00:00
2017-11-18 05:18:07,1.2,6.0,36.08,129.34,2017-11-18,2017-11-17 20:18:11.474713083+00:00,2017-11-17 20:18:12.811235394+00:00
2017-11-18 05:17:24,1.2,10.0,36.12,129.37,2017-11-18,2017-11-17 20:17:28.832869222+00:00,2017-11-17 20:17:30.943863868+00:00
2017-11-18 04:45:23,1.8,,36.11,129.35,2017-11-18,,
2017-11-18 04:21:40,1.8,10.0,36.1,129.35,2017-11-18,2017-11-17 19:21:44.669283043+00:00,2017-11-17 19:21:46.768175550+00:00
2017-11-18 03:34:06,1.4,9.0,36.1,129.34,2017-11-18,2017-11-17 18:34:10.473309805+00:00,2017-11-17 18:34:12.381573453+00:00
2017-11-18 03:00:39,1.5,8.0,36.07,129.33,2017-11-18,2017-11-17 18:00:43.521914401+00:00,2017-11-17 18:00:45.249738820+00:00
2017-11-18 01:32:58,1.7,10.0,36.09,129.35,2017-11-18,2017-11-17 16:33:02.736688378+00:00,2017-11-17 16:33:04.840679124+00:00
2017-11-18 00:50:27,1.5,10.0,36.09,129.34,2017-11-18,2017-11-17 15:50:31.605040065+00:00,2017-11-17 15:50:33.698919674+00:00
2017-11-18 00:06:20,1.5,5.0,36.1,129.36,2017-11-18,2017-11-17 15:06:24.567937280+00:00,2017-11-17 15:06:25.700809379+00:00
2017-11-17 23:43:07,1.9,7.0,36.11,129.34,2017-11-17,2017-11-17 14:43:11.301634407+00:00,2017-11-17 14:43:12.829299620+00:00
2017-11-17 23:18:09,1.3,,36.16,129.4,2017-11-17,,
2017-11-17 22:36:06,1.3,8.0,36.07,129.33,2017-11-17,2017-11-17 13:36:10.521914401+00:00,2017-11-17 13:36:12.249738820+00:00
2017-11-17 22:21:54,1.4,8.0,36.12,129.37,2017-11-17,2017-11-17 13:21:58.721533610+00:00,2017-11-17 13:22:00.459016757+00:00
2017-11-17 21:14:38,1.4,12.0,36.1,129.35,2017-11-17,2017-11-17 12:14:42.806688093+00:00,2017-11-17 12:14:45.252945310+00:00
2017-11-17 21:00:31,1.3,8.0,36.14,129.37,2017-11-17,2017-11-17 12:00:35.640873688+00:00,2017-11-17 12:00:37.374560058+00:00
2017-11-17 20:58:16,1.0,9.0,36.09,129.33,2017-11-17,2017-11-17 11:58:20.411611871+00:00,2017-11-17 11:58:22.315684264+00:00
2017-11-17 20:41:50,1.0,9.0,36.08,129.34,2017-11-17,2017-11-17 11:41:54.620802718+00:00,2017-11-17 11:41:56.538592990+00:00
2017-11-17 20:01:38,1.1,8.0,36.11,129.34,2017-11-17,2017-11-17 11:01:42.352847089+00:00,2017-11-17 11:01:44.071752156+00:00
2017-11-17 19:39:05,1.3,7.0,36.09,129.35,2017-11-17,2017-11-17 10:39:09.574859963+00:00,2017-11-17 10:39:11.113379477+00:00
2017-11-17 19:34:35,0.9,8.0,36.1,129.35,2017-11-17,2017-11-17 10:34:39.553896091+00:00,2017-11-17 10:34:41.283328439+00:00
2017-11-17 19:25:07,0.8,5.0,36.11,129.35,2017-11-17,2017-11-17 10:25:11.361932651+00:00,2017-11-17 10:25:12.490778724+00:00
2017-11-17 18:57:15,2.6,12.0,36.1,129.35,2017-11-17,2017-11-17 09:57:19.806688093+00:00,2017-11-17 09:57:22.252945310+00:00
2017-11-17 18:40:57,1.2,8.0,36.11,129.37,2017-11-17,2017-11-17 09:41:01.772901621+00:00,2017-11-17 09:41:03.512732169+00:00
2017-11-17 15:13:42,0.6,5.0,36.1,129.35,2017-11-17,2017-11-17 06:13:46.425778588+00:00,2017-11-17 06:13:47.555912926+00:00
2017-11-17 13:03:25,1.1,10.0,36.08,129.34,2017-11-17,2017-11-17 04:03:29.681201157+00:00,2017-11-17 04:03:31.781006882+00:00
2017-11-17 12:52:25,1.1,10.0,36.09,129.33,2017-11-17,2017-11-17 03:52:29.474867871+00:00,2017-11-17 03:52:31.558098156+00:00
2017-11-17 12:33:06,0.8,10.0,36.09,129.34,2017-11-17,2017-11-17 03:33:10.605040065+00:00,2017-11-17 03:33:12.698919674+00:00
2017-11-17 11:41:25,1.2,7.0,36.1,129.36,2017-11-17,2017-11-17 02:41:29.644692234+00:00,2017-11-17 02:41:31.185772356+00:00
2017-11-17 10:21:05,0.9,11.0,36.1,129.35,2017-11-17,2017-11-17 01:21:09.735345889+00:00,2017-11-17 01:21:12.010570104+00:00
2017-11-17 09:28:32,0.6,9.0,36.1,129.35,2017-11-17,2017-11-17 00:28:36.608726532+00:00,2017-11-17 00:28:38.525761658+00:00
2017-11-17 08:47:15,1.0,8.0,36.1,129.35,2017-11-17,2017-11-16 23:47:19.553896091+00:00,2017-11-16 23:47:21.283328439+00:00
2017-11-17 08:42:06,1.3,8.0,36.14,129.37,2017-11-17,2017-11-16 23:42:10.640873688+00:00,2017-11-16 23:42:12.374560058+00:00
2017-11-17 08:25:50,2.1,11.0,36.12,129.37,2017-11-17,2017-11-16 23:25:54.896700654+00:00,2017-11-16 23:25:57.186258422+00:00
2017-11-17 08:18:28,1.2,10.0,36.11,129.35,2017-11-17,2017-11-16 23:18:32.608859384+00:00,2017-11-16 23:18:34.703041347+00:00
2017-11-17 07:28:50,1.6,11.0,36.08,129.33,2017-11-17,2017-11-16 22:28:54.620931428+00:00,2017-11-16 22:28:56.885303971+00:00
2017-11-17 05:28:41,1.5,9.0,36.14,129.39,2017-11-17,2017-11-16 20:28:45.983309976+00:00,2017-11-16 20:28:47.921940022+00:00
2017-11-17 04:16:05,1.1,10.0,36.08,129.34,2017-11-17,2017-11-16 19:16:09.681201157+00:00,2017-11-16 19:16:11.781006882+00:00
2017-11-17 02:46:13,1.6,10.0,36.13,129.37,2017-11-17,2017-11-16 17:46:17.789828955+00:00,2017-11-16 17:46:19.897727629+00:00
2017-11-17 02:31:12,1.6,11.0,36.12,129.36,2017-11-17,2017-11-16 17:31:16.759498543+00:00,2017-11-16 17:31:19.036938026+00:00
2017-11-17 02:18:23,1.6,7.0,36.11,129.36,2017-11-17,2017-11-16 17:18:27.583897864+00:00,2017-11-16 17:18:29.122753354+00:00
2017-11-17 01:19:53,1.6,12.0,36.1,129.34,2017-11-17,2017-11-16 16:19:57.677068623+00:00,2017-11-16 16:20:00.108228797+00:00
2017-11-17 01:17:01,2.1,11.0,36.08,129.33,2017-11-17,2017-11-16 16:17:05.620931428+00:00,2017-11-16 16:17:07.885303971+00:00
2017-11-17 01:13:20,1.5,10.0,36.09,129.34,2017-11-17,2017-11-16 16:13:24.605040065+00:00,2017-11-16 16:13:26.698919674+00:00
2017-11-17 00:57:55,1.0,8.0,36.09,129.34,2017-11-17,2017-11-16 15:57:59.487980862+00:00,2017-11-16 15:58:01.214072563+00:00
2017-11-17 00:37:19,1.8,12.0,36.04,129.4,2017-11-17,2017-11-16 15:37:24.905681783+00:00,2017-11-16 15:37:27.446803534+00:00
2017-11-17 00:31:35,1.1,10.0,36.11,129.35,2017-11-17,2017-11-16 15:31:39.608859384+00:00,2017-11-16 15:31:41.703041347+00:00
2017-11-17 00:23:39,1.3,7.0,36.11,129.36,2017-11-17,2017-11-16 15:23:43.583897864+00:00,2017-11-16 15:23:45.122753354+00:00
2017-11-16 23:22:53,1.5,7.0,36.11,129.35,2017-11-16,2017-11-16 14:22:57.442313398+00:00,2017-11-16 14:22:58.975741701+00:00
2017-11-16 23:20:31,1.1,5.0,36.14,129.35,2017-11-16,2017-11-16 14:20:35.217106214+00:00,2017-11-16 14:20:36.342883492+00:00
2017-11-16 23:16:44,1.8,6.0,36.13,129.35,2017-11-16,2017-11-16 14:16:48.295224292+00:00,2017-11-16 14:16:49.626451823+00:00
2017-11-16 22:34:51,1.1,8.0,36.07,129.33,2017-11-16,2017-11-16 13:34:55.521914401+00:00,2017-11-16 13:34:57.249738820+00:00
2017-11-16 22:18:37,1.2,9.0,36.1,129.35,2017-11-16,2017-11-16 13:18:41.608726532+00:00,2017-11-16 13:18:43.525761658+00:00
2017-11-16 22:10:18,1.6,5.0,36.11,129.35,2017-11-16,2017-11-16 13:10:22.361932651+00:00,2017-11-16 13:10:23.490778724+00:00
2017-11-16 21:51:43,1.2,6.0,36.13,129.36,2017-11-16,2017-11-16 12:51:47.441486087+00:00,2017-11-16 12:51:48.777061337+00:00
2017-11-16 20:12:50,0.8,9.0,36.09,129.34,2017-11-16,2017-11-16 11:12:54.543617165+00:00,2017-11-16 11:12:56.456505782+00:00
2017-11-16 19:05:05,2.4,9.0,36.12,129.36,2017-11-16,2017-11-16 10:05:09.633547004+00:00,2017-11-16 10:05:11.552129579+00:00
2017-11-16 18:50:11,1.9,5.0,36.13,129.36,2017-11-16,2017-11-16 09:50:15.404853916+00:00,2017-11-16 09:50:16.534570201+00:00
2017-11-16 18:33:10,0.9,8.0,36.1,129.36,2017-11-16,2017-11-16 09:33:14.692110740+00:00,2017-11-16 09:33:16.428224891+00:00
2017-11-16 18:30:44,1.3,7.0,36.14,129.36,2017-11-16,2017-11-16 09:30:48.446296232+00:00,2017-11-16 09:30:49.979882139+00:00
2017-11-16 18:30:18,1.1,8.0,36.1,129.34,2017-11-16,2017-11-16 09:30:22.416776718+00:00,2017-11-16 09:30:24.139140234+00:00
2017-11-16 17:44:41,1.2,9.0,36.1,129.36,2017-11-16,2017-11-16 08:44:45.745323244+00:00,2017-11-16 08:44:47.670658110+00:00
2017-11-16 17:36:36,1.3,6.0,36.14,129.37,2017-11-16,2017-11-16 08:36:40.550993031+00:00,2017-11-16 08:36:41.889635682+00:00
2017-11-16 17:32:49,2.2,8.0,36.12,129.36,2017-11-16,2017-11-16 08:32:53.579017714+00:00,2017-11-16 08:32:55.309696360+00:00
2017-11-16 17:31:21,2.0,8.0,36.11,129.37,2017-11-16,2017-11-16 08:31:25.772901621+00:00,2017-11-16 08:31:27.512732169+00:00
2017-11-16 17:27:19,1.0,6.0,36.1,129.37,2017-11-16,2017-11-16 08:27:23.745114604+00:00,2017-11-16 08:27:25.088838762+00:00
2017-11-16 17:25:24,1.4,7.0,36.1,129.35,2017-11-16,2017-11-16 08:25:28.505000761+00:00,2017-11-16 08:25:30.040875903+00:00
2017-11-16 16:48:31,2.4,12.0,36.12,129.36,2017-11-16,2017-11-16 07:48:35.830480308+00:00,2017-11-16 07:48:38.279313232+00:00
2017-11-16 16:42:13,1.9,9.0,36.12,129.37,2017-11-16,2017-11-16 07:42:17.774413671+00:00,2017-11-16 07:42:19.701449976+00:00
2017-11-16 16:19:38,1.3,7.0,36.08,129.34,2017-11-16,2017-11-16 07:19:42.517358174+00:00,2017-11-16 07:19:44.053707235+00:00
2017-11-16 16:14:15,1.6,6.0,36.14,129.38,2017-11-16,2017-11-16 07:14:19.699464157+00:00,2017-11-16 07:14:21.042031886+00:00
2017-11-16 16:13:06,1.1,9.0,36.09,129.34,2017-11-16,2017-11-16 07:13:10.543617165+00:00,2017-11-16 07:13:12.456505782+00:00
2017-11-16 16:07:21,1.1,8.0,36.1,129.35,2017-11-16,2017-11-16 07:07:25.553896091+00:00,2017-11-16 07:07:27.283328439+00:00
2017-11-16 15:24:05,1.1,7.0,36.1,129.35,2017-11-16,2017-11-16 06:24:09.505000761+00:00,2017-11-16 06:24:11.040875903+00:00
2017-11-16 14:31:09,2.0,10.0,36.1,129.34,2017-11-16,2017-11-16 05:31:13.535695934+00:00,2017-11-16 05:31:15.623987345+00:00
2017-11-16 14:05:44,1.4,8.0,36.12,129.36,2017-11-16,2017-11-16 05:05:48.579017714+00:00,2017-11-16 05:05:50.309696360+00:00
2017-11-16 14:04:04,2.3,7.0,36.13,129.37,2017-11-16,2017-11-16 05:04:08.629884132+00:00,2017-11-16 05:04:10.170427982+00:00
2017-11-16 13:56:35,1.2,,36.08,129.33,2017-11-16,,
2017-11-16 13:53:52,1.1,6.0,36.11,129.38,2017-11-16,2017-11-16 04:53:56.829985506+00:00,2017-11-16 04:53:58.175800443+00:00
2017-11-16 13:43:18,1.7,8.0,36.08,129.33,2017-11-16,2017-11-16 04:43:22.434745886+00:00,2017-11-16 04:43:24.158062306+00:00
2017-11-16 13:40:42,1.3,6.0,36.1,129.35,2017-11-16,2017-11-16 04:40:46.462235749+00:00,2017-11-16 04:40:47.798404062+00:00
2017-11-16 12:31:12,0.9,7.0,36.1,129.34,2017-11-16,2017-11-16 03:31:16.366324035+00:00,2017-11-16 03:31:17.896687699+00:00
2017-11-16 12:22:56,1.6,8.0,36.14,129.38,2017-11-16,2017-11-16 03:23:00.786512617+00:00,2017-11-16 03:23:02.526956262+00:00
2017-11-16 11:19:11,1.3,5.0,36.09,129.35,2017-11-16,2017-11-16 02:19:15.496890795+00:00,2017-11-16 02:19:16.628416500+00:00
2017-11-16 11:01:08,1.4,9.0,36.1,129.35,2017-11-16,2017-11-16 02:01:12.608726532+00:00,2017-11-16 02:01:14.525761658+00:00
2017-11-16 10:37:34,2.3,11.0,36.1,129.35,2017-11-16,2017-11-16 01:37:38.735345889+00:00,2017-11-16 01:37:41.010570104+00:00
2017-11-16 10:32:30,1.9,10.0,36.09,129.34,2017-11-16,2017-11-16 01:32:34.605040065+00:00,2017-11-16 01:32:36.698919674+00:00
2017-11-16 10:11:59,1.1,9.0,36.1,129.34,2017-11-16,2017-11-16 01:12:03.473309805+00:00,2017-11-16 01:12:05.381573453+00:00
2017-11-16 09:47:28,2.1,11.0,36.12,129.37,2017-11-16,2017-11-16 00:47:32.896700654+00:00,2017-11-16 00:47:35.186258422+00:00
2017-11-16 09:02:42,3.6,8.0,36.12,129.37,2017-11-16,2017-11-16 00:02:46.721533610+00:00,2017-11-16 00:02:48.459016757+00:00
2017-11-16 08:04:35,1.4,9.0,36.1,129.36,2017-11-16,2017-11-15 23:04:39.745323244+00:00,2017-11-15 23:04:41.670658110+00:00
2017-11-16 07:59:49,1.7,6.0,36.14,129.36,2017-11-16,2017-11-15 22:59:53.402951607+00:00,2017-11-15 22:59:54.737410298+00:00
2017-11-16 07:50:00,1.4,7.0,36.08,129.33,2017-11-16,2017-11-15 22:50:04.384502848+00:00,2017-11-15 22:50:05.915609771+00:00
2017-11-16 07:40:33,1.6,7.0,36.11,129.36,2017-11-16,2017-11-15 22:40:37.583897864+00:00,2017-11-15 22:40:39.122753354+00:00
2017-11-16 07:34:40,1.5,10.0,36.11,129.35,2017-11-16,2017-11-15 22:34:44.608859384+00:00,2017-11-15 22:34:46.703041347+00:00
2017-11-16 07:13:37,1.5,9.0,36.11,129.35,2017-11-16,2017-11-15 22:13:41.547488677+00:00,2017-11-15 22:13:43.460627455+00:00
2017-11-16 06:46:30,1.8,5.0,36.08,129.32,2017-11-16,2017-11-15 21:46:34.169040190+00:00,2017-11-15 21:46:35.293751214+00:00
2017-11-16 06:41:32,1.0,9.0,36.08,129.33,2017-11-16,2017-11-15 21:41:36.491050003+00:00,2017-11-15 21:41:38.400495525+00:00
2017-11-16 06:33:36,1.3,8.0,36.1,129.34,2017-11-16,2017-11-15 21:33:40.416776718+00:00,2017-11-15 21:33:42.139140234+00:00
2017-11-16 06:23:17,1.4,,36.07,129.33,2017-11-16,,
2017-11-16 06:17:49,1.1,7.0,36.08,129.34,2017-11-16,2017-11-15 21:17:53.517358174+00:00,2017-11-15 21:17:55.053707235+00:00
2017-11-16 06:14:11,1.6,8.0,36.11,129.35,2017-11-16,2017-11-15 21:14:15.491900943+00:00,2017-11-15 21:14:17.218194236+00:00
2017-11-16 06:13:05,1.3,,36.09,129.33,2017-11-16,,
2017-11-16 06:05:18,1.1,7.0,36.1,129.36,2017-11-16,2017-11-15 21:05:22.644692234+00:00,2017-11-15 21:05:24.185772356+00:00
2017-11-16 06:01:32,1.4,,36.11,129.36,2017-11-16,,
2017-11-16 06:01:10,1.5,7.0,36.1,129.35,2017-11-16,2017-11-15 21:01:14.505000761+00:00,2017-11-15 21:01:16.040875903+00:00
2017-11-16 06:00:18,1.6,6.0,36.08,129.34,2017-11-16,2017-11-15 21:00:22.474713083+00:00,2017-11-15 21:00:23.811235394+00:00
2017-11-16 05:56:26,1.1,5.0,36.08,129.33,2017-11-16,2017-11-15 20:56:30.303023691+00:00,2017-11-15 20:56:31.430646794+00:00
2017-11-16 05:54:11,2.5,10.0,36.09,129.34,2017-11-16,2017-11-15 20:54:15.605040065+00:00,2017-11-15 20:54:17.698919674+00:00
2017-11-16 05:38:08,1.8,10.0,36.1,129.34,2017-11-16,2017-11-15 20:38:12.535695934+00:00,2017-11-15 20:38:14.623987345+00:00
2017-11-16 05:23:40,1.9,10.0,36.09,129.33,2017-11-16,2017-11-15 20:23:44.474867871+00:00,2017-11-15 20:23:46.558098156+00:00
2017-11-16 05:05:30,1.9,10.0,36.12,129.36,2017-11-16,2017-11-15 20:05:34.693779482+00:00,2017-11-15 20:05:36.794543471+00:00
2017-11-16 05:03:37,2.0,8.0,36.08,129.34,2017-11-16,2017-11-15 20:03:41.566119208+00:00,2017-11-15 20:03:43.296159771+00:00
2017-11-16 04:40:52,1.9,7.0,36.13,129.37,2017-11-16,2017-11-15 19:40:56.629884132+00:00,2017-11-15 19:40:58.170427982+00:00
2017-11-16 04:24:24,1.4,7.0,36.1,129.36,2017-11-16,2017-11-15 19:24:28.644692234+00:00,2017-11-15 19:24:30.185772356+00:00
2017-11-16 04:01:41,1.9,5.0,36.13,129.36,2017-11-16,2017-11-15 19:01:45.404853916+00:00,2017-11-15 19:01:46.534570201+00:00
2017-11-16 03:44:02,1.4,6.0,36.11,129.36,2017-11-16,2017-11-15 18:44:06.541888112+00:00,2017-11-15 18:44:07.880281513+00:00
2017-11-16 03:43:40,1.4,7.0,36.1,129.35,2017-11-16,2017-11-15 18:43:44.505000761+00:00,2017-11-15 18:43:46.040875903+00:00
2017-11-16 03:36:58,1.1,10.0,36.09,129.35,2017-11-16,2017-11-15 18:37:02.736688378+00:00,2017-11-15 18:37:04.840679124+00:00
2017-11-16 03:04:39,1.7,8.0,36.12,129.37,2017-11-16,2017-11-15 18:04:43.721533610+00:00,2017-11-15 18:04:45.459016757+00:00
2017-11-16 02:56:02,1.4,8.0,36.11,129.35,2017-11-16,2017-11-15 17:56:06.491900943+00:00,2017-11-15 17:56:08.218194236+00:00
2017-11-16 02:46:58,1.4,,36.12,129.35,2017-11-16,,
2017-11-16 02:45:55,1.8,7.0,36.13,129.35,2017-11-16,2017-11-15 17:45:59.339661948+00:00,2017-11-15 17:46:00.868923664+00:00
2017-11-16 02:40:42,1.3,9.0,36.1,129.34,2017-11-16,2017-11-15 17:40:46.473309805+00:00,2017-11-15 17:40:48.381573453+00:00
2017-11-16 02:37:43,2.3,8.0,36.14,129.37,2017-11-16,2017-11-15 17:37:47.640873688+00:00,2017-11-15 17:37:49.374560058+00:00
2017-11-16 02:25:50,1.8,10.0,36.08,129.33,2017-11-16,2017-11-15 17:25:54.553190332+00:00,2017-11-15 17:25:56.642909417+00:00
2017-11-16 02:17:15,1.9,10.0,36.1,129.34,2017-11-16,2017-11-15 17:17:19.535695934+00:00,2017-11-15 17:17:21.623987345+00:00
2017-11-16 02:10:46,1.9,9.0,36.13,129.37,2017-11-16,2017-11-15 17:10:50.730834704+00:00,2017-11-15 17:10:52.655313737+00:00
2017-11-16 02:03:43,1.6,10.0,36.12,129.35,2017-11-16,2017-11-15 17:03:47.555695258+00:00,2017-11-15 17:03:49.645617764+00:00
2017-11-16 01:54:16,1.5,7.0,36.1,129.35,2017-11-16,2017-11-15 16:54:20.505000761+00:00,2017-11-15 16:54:22.040875903+00:00
2017-11-16 01:50:58,1.7,,36.1,129.35,2017-11-16,,
2017-11-16 01:36:05,2.5,13.0,36.14,129.36,2017-11-16,2017-11-15 16:36:09.829023386+00:00,2017-11-15 16:36:12.433777267+00:00
2017-11-16 01:33:06,1.3,10.0,36.1,129.35,2017-11-16,2017-11-15 16:33:10.669283043+00:00,2017-11-15 16:33:12.768175550+00:00
2017-11-16 01:23:12,2.1,11.0,36.09,129.35,2017-11-16,2017-11-15 16:23:16.801813630+00:00,2017-11-15 16:23:19.083073678+00:00
2017-11-16 01:13:59,1.4,7.0,36.11,129.36,2017-11-16,2017-11-15 16:14:03.583897864+00:00,2017-11-15 16:14:05.122753354+00:00
2017-11-16 01:09:44,1.4,5.0,36.1,129.36,2017-11-16,2017-11-15 16:09:48.567937280+00:00,2017-11-15 16:09:49.700809379+00:00
2017-11-16 01:08:47,1.7,9.0,36.09,129.35,2017-11-16,2017-11-15 16:08:51.677015378+00:00,2017-11-15 16:08:53.598265231+00:00
2017-11-16 01:04:05,1.2,5.0,36.1,129.34,2017-11-16,2017-11-15 16:04:09.284493364+00:00,2017-11-15 16:04:10.411724722+00:00
2017-11-16 01:03:21,1.3,6.0,36.11,129.36,2017-11-16,2017-11-15 16:03:25.541888112+00:00,2017-11-15 16:03:26.880281513+00:00
2017-11-16 00:51:58,1.6,5.0,36.11,129.36,2017-11-16,2017-11-15 15:52:02.506087961+00:00,2017-11-15 15:52:03.637790377+00:00
2017-11-16 00:48:53,1.8,5.0,36.09,129.35,2017-11-16,2017-11-15 15:48:57.496890795+00:00,2017-11-15 15:48:58.628416500+00:00
2017-11-16 00:46:42,1.4,6.0,36.11,129.36,2017-11-16,2017-11-15 15:46:46.541888112+00:00,2017-11-15 15:46:47.880281513+00:00
2017-11-16 00:43:07,1.8,8.0,36.1,129.35,2017-11-16,2017-11-15 15:43:11.553896091+00:00,2017-11-15 15:43:13.283328439+00:00
2017-11-16 00:42:25,0.6,5.0,36.08,129.33,2017-11-16,2017-11-15 15:42:29.303023691+00:00,2017-11-15 15:42:30.430646794+00:00
2017-11-16 00:38:14,2.0,9.0,36.09,129.35,2017-11-16,2017-11-15 15:38:18.677015378+00:00,2017-11-15 15:38:20.598265231+00:00
2017-11-16 00:37:33,1.6,11.0,36.08,129.28,2017-11-16,2017-11-15 15:37:37.020133952+00:00,2017-11-15 15:37:39.215058134+00:00
2017-11-16 00:33:33,1.5,,36.08,129.34,2017-11-16,,
2017-11-16 00:32:12,1.7,,36.13,129.35,2017-11-16,,
2017-11-16 00:21:53,2.4,8.0,36.14,129.35,2017-11-16,2017-11-15 15:21:57.351469682+00:00,2017-11-15 15:21:59.070299004+00:00
2017-11-16 00:18:04,1.4,8.0,36.09,129.34,2017-11-16,2017-11-15 15:18:08.487980862+00:00,2017-11-15 15:18:10.214072563+00:00
2017-11-16 00:14:21,1.7,10.0,36.09,129.34,2017-11-16,2017-11-15 15:14:25.605040065+00:00,2017-11-15 15:14:27.698919674+00:00
2017-11-16 00:00:06,1.4,8.0,36.11,129.35,2017-11-16,2017-11-15 15:00:10.491900943+00:00,2017-11-15 15:00:12.218194236+00:00
2017-11-15 23:51:00,1.8,7.0,36.11,129.35,2017-11-15,2017-11-15 14:51:04.442313398+00:00,2017-11-15 14:51:05.975741701+00:00
2017-11-15 23:47:39,1.6,11.0,36.08,129.33,2017-11-15,2017-11-15 14:47:43.620931428+00:00,2017-11-15 14:47:45.885303971+00:00
2017-11-15 23:30:15,1.7,10.0,36.09,129.34,2017-11-15,2017-11-15 14:30:19.605040065+00:00,2017-11-15 14:30:21.698919674+00:00
2017-11-15 23:24:55,1.8,6.0,36.14,129.38,2017-11-15,2017-11-15 14:24:59.699464157+00:00,2017-11-15 14:25:01.042031886+00:00
2017-11-15 23:18:07,2.1,10.0,36.13,129.38,2017-11-15,2017-11-15 14:18:11.931044395+00:00,2017-11-15 14:18:14.048879787+00:00
2017-11-15 23:16:58,1.7,8.0,36.09,129.34,2017-11-15,2017-11-15 14:17:02.487980862+00:00,2017-11-15 14:17:04.214072563+00:00
2017-11-15 23:14:36,1.3,8.0,36.1,129.35,2017-11-15,2017-11-15 14:14:40.553896091+00:00,2017-11-15 14:14:42.283328439+00:00
2017-11-15 23:11:48,1.7,10.0,36.11,129.36,2017-11-15,2017-11-15 14:11:52.745413966+00:00,2017-11-15 14:11:54.850053+00:00
2017-11-15 23:05:16,2.0,12.0,36.1,129.36,2017-11-15,2017-11-15 14:05:20.937750534+00:00,2017-11-15 14:05:23.397841763+00:00
2017-11-15 22:55:12,1.7,11.0,36.09,129.34,2017-11-15,2017-11-15 13:55:16.672021445+00:00,2017-11-15 13:55:18.941314228+00:00
2017-11-15 22:48:57,1.5,6.0,36.08,129.33,2017-11-15,2017-11-15 13:49:01.340531336+00:00,2017-11-15 13:49:02.673137930+00:00
2017-11-15 22:43:12,2.1,10.0,36.1,129.36,2017-11-15,2017-11-15 13:43:16.804137336+00:00,2017-11-15 13:43:18.913072002+00:00
2017-11-15 22:24:30,2.1,7.0,36.14,129.38,2017-11-15,2017-11-15 13:24:34.740053418+00:00,2017-11-15 13:24:36.284503727+00:00
2017-11-15 22:23:46,1.9,7.0,36.1,129.36,2017-11-15,2017-11-15 13:23:50.644692234+00:00,2017-11-15 13:23:52.185772356+00:00
2017-11-15 22:22:01,1.3,8.0,36.13,129.37,2017-11-15,2017-11-15 13:22:05.677455054+00:00,2017-11-15 13:22:07.412880518+00:00
2017-11-15 22:07:43,1.9,8.0,36.11,129.36,2017-11-15,2017-11-15 13:07:47.631948310+00:00,2017-11-15 13:07:49.365205889+00:00
2017-11-15 22:04:44,1.6,,36.09,129.34,2017-11-15,,
2017-11-15 22:01:11,1.5,6.0,36.1,129.35,2017-11-15,2017-11-15 13:01:15.462235749+00:00,2017-11-15 13:01:16.798404062+00:00
2017-11-15 21:59:27,2.1,7.0,36.14,129.36,2017-11-15,2017-11-15 12:59:31.446296232+00:00,2017-11-15 12:59:32.979882139+00:00
2017-11-15 21:53:57,1.6,6.0,36.14,129.37,2017-11-15,2017-11-15 12:54:01.550993031+00:00,2017-11-15 12:54:02.889635682+00:00
2017-11-15 21:45:51,1.8,9.0,36.1,129.35,2017-11-15,2017-11-15 12:45:55.608726532+00:00,2017-11-15 12:45:57.525761658+00:00
2017-11-15 21:41:36,1.4,10.0,36.1,129.36,2017-11-15,2017-11-15 12:41:40.804137336+00:00,2017-11-15 12:41:42.913072002+00:00
2017-11-15 21:35:25,2.0,10.0,36.11,129.36,2017-11-15,2017-11-15 12:35:29.745413966+00:00,2017-11-15 12:35:31.850053+00:00
2017-11-15 21:23:32,1.7,9.0,36.1,129.36,2017-11-15,2017-11-15 12:23:36.745323244+00:00,2017-11-15 12:23:38.670658110+00:00
2017-11-15 21:16:50,1.6,5.0,36.11,129.36,2017-11-15,2017-11-15 12:16:54.506087961+00:00,2017-11-15 12:16:55.637790377+00:00
2017-11-15 21:15:41,1.4,11.0,36.09,129.34,2017-11-15,2017-11-15 12:15:45.672021445+00:00,2017-11-15 12:15:47.941314228+00:00
2017-11-15 21:14:46,1.5,8.0,36.08,129.34,2017-11-15,2017-11-15 12:14:50.566119208+00:00,2017-11-15 12:14:52.296159771+00:00
2017-11-15 21:07:04,1.6,11.0,36.09,129.35,2017-11-15,2017-11-15 12:07:08.801813630+00:00,2017-11-15 12:07:11.083073678+00:00
2017-11-15 20:59:20,0.7,6.0,36.09,129.34,2017-11-15,2017-11-15 11:59:24.394924633+00:00,2017-11-15 11:59:25.729148187+00:00
2017-11-15 20:57:25,1.8,11.0,36.09,129.34,2017-11-15,2017-11-15 11:57:29.672021445+00:00,2017-11-15 11:57:31.941314228+00:00
2017-11-15 20:55:36,1.8,11.0,36.1,129.35,2017-11-15,2017-11-15 11:55:40.735345889+00:00,2017-11-15 11:55:43.010570104+00:00
2017-11-15 20:54:25,2.4,10.0,36.1,129.35,2017-11-15,2017-11-15 11:54:29.669283043+00:00,2017-11-15 11:54:31.768175550+00:00
2017-11-15 20:51:49,1.4,10.0,36.09,129.35,2017-11-15,2017-11-15 11:51:53.736688378+00:00,2017-11-15 11:51:55.840679124+00:00
2017-11-15 20:45:47,1.6,7.0,36.14,129.37,2017-11-15,2017-11-15 11:45:51.592918087+00:00,2017-11-15 11:45:53.132107523+00:00
2017-11-15 20:25:07,1.2,6.0,36.09,129.33,2017-11-15,2017-11-15 11:25:11.258247088+00:00,2017-11-15 11:25:12.588326668+00:00
2017-11-15 20:24:24,1.8,8.0,36.09,129.35,2017-11-15,2017-11-15 11:24:28.623005741+00:00,2017-11-15 11:24:30.355832012+00:00
2017-11-15 20:21:33,1.2,7.0,36.09,129.35,2017-11-15,2017-11-15 11:21:37.574859963+00:00,2017-11-15 11:21:39.113379477+00:00
2017-11-15 20:20:59,1.4,5.0,36.1,129.36,2017-11-15,2017-11-15 11:21:03.567937280+00:00,2017-11-15 11:21:04.700809379+00:00
2017-11-15 19:45:25,0.8,6.0,36.09,129.34,2017-11-15,2017-11-15 10:45:29.394924633+00:00,2017-11-15 10:45:30.729148187+00:00
2017-11-15 19:42:17,1.5,8.0,36.13,129.38,2017-11-15,2017-11-15 10:42:21.822007327+00:00,2017-11-15 10:42:23.564032676+00:00
2017-11-15 19:40:29,1.8,6.0,36.09,129.34,2017-11-15,2017-11-15 10:40:33.394924633+00:00,2017-11-15 10:40:34.729148187+00:00
2017-11-15 19:36:19,1.2,,36.13,129.38,2017-11-15,,
2017-11-15 19:34:17,1.2,10.0,36.1,129.35,2017-11-15,2017-11-15 10:34:21.669283043+00:00,2017-11-15 10:34:23.768175550+00:00
2017-11-15 19:28:29,1.5,11.0,36.1,129.36,2017-11-15,2017-11-15 10:28:33.868349977+00:00,2017-11-15 10:28:36.155466557+00:00
2017-11-15 19:25:40,1.5,6.0,36.11,129.35,2017-11-15,2017-11-15 10:25:44.398928897+00:00,2017-11-15 10:25:45.733269860+00:00
2017-11-15 19:24:09,1.4,5.0,36.13,129.37,2017-11-15,2017-11-15 10:24:13.552874809+00:00,2017-11-15 10:24:14.685465005+00:00
2017-11-15 19:16:30,1.9,8.0,36.14,129.37,2017-11-15,2017-11-15 10:16:34.640873688+00:00,2017-11-15 10:16:36.374560058+00:00
2017-11-15 19:15:21,1.9,8.0,36.12,129.37,2017-11-15,2017-11-15 10:15:25.721533610+00:00,2017-11-15 10:15:27.459016757+00:00
2017-11-15 19:13:07,1.8,5.0,36.1,129.35,2017-11-15,2017-11-15 10:13:11.425778588+00:00,2017-11-15 10:13:12.555912926+00:00
2017-11-15 18:59:38,2.1,9.0,36.11,129.35,2017-11-15,2017-11-15 09:59:42.547488677+00:00,2017-11-15 09:59:44.460627455+00:00
2017-11-15 18:58:26,2.2,8.0,36.1,129.35,2017-11-15,2017-11-15 09:58:30.553896091+00:00,2017-11-15 09:58:32.283328439+00:00
2017-11-15 18:57:36,2.3,8.0,36.11,129.35,2017-11-15,2017-11-15 09:57:40.491900943+00:00,2017-11-15 09:57:42.218194236+00:00
2017-11-15 18:54:55,1.2,6.0,36.12,129.37,2017-11-15,2017-11-15 09:54:59.633243529+00:00,2017-11-15 09:55:00.974092380+00:00
2017-11-15 18:51:33,2.0,11.0,36.14,129.38,2017-11-15,2017-11-15 09:51:37.959355754+00:00,2017-11-15 09:51:40.254197927+00:00
2017-11-15 18:48:23,2.1,5.0,36.14,129.38,2017-11-15,2017-11-15 09:48:27.664897926+00:00,2017-11-15 09:48:28.799540750+00:00
2017-11-15 18:41:46,2.1,11.0,36.09,129.32,2017-11-15,2017-11-15 09:41:50.417252199+00:00,2017-11-15 09:41:52.660176301+00:00
2017-11-15 18:34:59,1.4,9.0,36.14,129.36,2017-11-15,2017-11-15 09:35:03.551378212+00:00,2017-11-15 09:35:05.464767894+00:00
2017-11-15 18:27:10,1.6,6.0,36.12,129.36,2017-11-15,2017-11-15 09:27:14.487878439+00:00,2017-11-15 09:27:15.824771984+00:00
2017-11-15 18:22:41,1.6,5.0,36.14,129.38,2017-11-15,2017-11-15 09:22:45.664897926+00:00,2017-11-15 09:22:46.799540750+00:00
2017-11-15 18:21:31,1.6,7.0,36.14,129.37,2017-11-15,2017-11-15 09:21:35.592918087+00:00,2017-11-15 09:21:37.132107523+00:00
2017-11-15 18:12:53,1.2,6.0,36.12,129.34,2017-11-15,2017-11-15 09:12:57.199156788+00:00,2017-11-15 09:12:58.527358571+00:00
2017-11-15 18:11:14,1.3,9.0,36.1,129.36,2017-11-15,2017-11-15 09:11:18.745323244+00:00,2017-11-15 09:11:20.670658110+00:00
2017-11-15 18:04:44,1.3,6.0,36.14,129.37,2017-11-15,2017-11-15 09:04:48.550993031+00:00,2017-11-15 09:04:49.889635682+00:00
2017-11-15 17:52:24,1.2,7.0,36.15,129.38,2017-11-15,2017-11-15 08:52:28.711733125+00:00,2017-11-15 08:52:30.255197332+00:00
2017-11-15 17:42:53,2.2,10.0,36.14,129.37,2017-11-15,2017-11-15 08:42:57.754123643+00:00,2017-11-15 08:42:59.859407169+00:00
2017-11-15 17:41:38,1.5,6.0,36.14,129.38,2017-11-15,2017-11-15 08:41:42.699464157+00:00,2017-11-15 08:41:44.042031886+00:00
2017-11-15 17:39:25,1.8,7.0,36.12,129.37,2017-11-15,2017-11-15 08:39:29.674418233+00:00,2017-11-15 08:39:31.216564221+00:00
2017-11-15 17:35:49,1.3,11.0,36.1,129.34,2017-11-15,2017-11-15 08:35:53.603697169+00:00,2017-11-15 08:35:55.865859194+00:00
2017-11-15 17:34:14,1.4,6.0,36.11,129.34,2017-11-15,2017-11-15 08:34:18.256793739+00:00,2017-11-15 08:34:19.586827779+00:00
2017-11-15 17:33:41,1.5,10.0,36.09,129.34,2017-11-15,2017-11-15 08:33:45.605040065+00:00,2017-11-15 08:33:47.698919674+00:00
2017-11-15 17:32:46,1.4,7.0,36.1,129.35,2017-11-15,2017-11-15 08:32:50.505000761+00:00,2017-11-15 08:32:52.040875903+00:00
2017-11-15 17:28:33,0.8,5.0,36.1,129.37,2017-11-15,2017-11-15 08:28:37.710890540+00:00,2017-11-15 08:28:38.846347626+00:00
2017-11-15 17:27:20,1.4,6.0,36.12,129.37,2017-11-15,2017-11-15 08:27:24.633243529+00:00,2017-11-15 08:27:25.974092380+00:00
2017-11-15 17:26:04,0.5,8.0,36.11,129.35,2017-11-15,2017-11-15 08:26:08.491900943+00:00,2017-11-15 08:26:10.218194236+00:00
2017-11-15 17:18:05,1.2,5.0,36.1,129.35,2017-11-15,2017-11-15 08:18:09.425778588+00:00,2017-11-15 08:18:10.555912926+00:00
2017-11-15 17:14:07,1.4,6.0,36.11,129.37,2017-11-15,2017-11-15 08:14:11.685595932+00:00,2017-11-15 08:14:13.027807793+00:00
2017-11-15 17:11:10,2.8,,36.08,129.31,2017-11-15,,
2017-11-15 17:07:45,1.0,10.0,36.12,129.36,2017-11-15,2017-11-15 08:07:49.693779482+00:00,2017-11-15 08:07:51.794543471+00:00
2017-11-15 17:05:10,1.3,8.0,36.15,129.38,2017-11-15,2017-11-15 08:05:14.758473266+00:00,2017-11-15 08:05:16.497649867+00:00
2017-11-15 17:03:59,1.4,5.0,36.09,129.32,2017-11-15,2017-11-15 08:04:03.083305715+00:00,2017-11-15 08:04:04.206051192+00:00
2017-11-15 17:03:24,1.3,6.0,36.13,129.36,2017-11-15,2017-11-15 08:03:28.441486087+00:00,2017-11-15 08:03:29.777061337+00:00
2017-11-15 17:01:44,1.4,11.0,36.11,129.34,2017-11-15,2017-11-15 08:01:48.542428103+00:00,2017-11-15 08:01:50.798468048+00:00
2017-11-15 16:59:07,1.2,6.0,36.1,129.34,2017-11-15,2017-11-15 07:59:11.322164718+00:00,2017-11-15 07:59:12.654215858+00:00
2017-11-15 16:58:49,1.4,9.0,36.1,129.36,2017-11-15,2017-11-15 07:58:53.745323244+00:00,2017-11-15 07:58:55.670658110+00:00
2017-11-15 16:57:53,2.2,7.0,36.14,129.37,2017-11-15,2017-11-15 07:57:57.592918087+00:00,2017-11-15 07:57:59.132107523+00:00
2017-11-15 16:49:30,4.3,10.0,36.12,129.36,2017-11-15,2017-11-15 07:49:34.693779482+00:00,2017-11-15 07:49:36.794543471+00:00
2017-11-15 16:46:43,1.7,6.0,36.13,129.35,2017-11-15,2017-11-15 07:46:47.295224292+00:00,2017-11-15 07:46:48.626451823+00:00
2017-11-15 16:39:14,1.5,6.0,36.1,129.34,2017-11-15,2017-11-15 07:39:18.322164718+00:00,2017-11-15 07:39:19.654215858+00:00
2017-11-15 16:34:05,1.4,6.0,36.11,129.37,2017-11-15,2017-11-15 07:34:09.685595932+00:00,2017-11-15 07:34:11.027807793+00:00
2017-11-15 16:32:22,1.3,9.0,36.1,129.35,2017-11-15,2017-11-15 07:32:26.608726532+00:00,2017-11-15 07:32:28.525761658+00:00
2017-11-15 16:30:26,1.3,6.0,36.12,129.35,2017-11-15,2017-11-15 07:30:30.343160564+00:00,2017-11-15 07:30:31.675846277+00:00
2017-11-15 16:25:21,1.6,,36.08,129.33,2017-11-15,,
2017-11-15 16:18:36,2.0,6.0,36.14,129.36,2017-11-15,2017-11-15 07:18:40.402951607+00:00,2017-11-15 07:18:41.737410298+00:00
2017-11-15 16:16:17,2.4,8.0,36.09,129.35,2017-11-15,2017-11-15 07:16:21.623005741+00:00,2017-11-15 07:16:23.355832012+00:00
2017-11-15 16:14:59,1.4,6.0,36.14,129.38,2017-11-15,2017-11-15 07:15:03.699464157+00:00,2017-11-15 07:15:05.042031886+00:00
2017-11-15 16:13:07,1.2,,36.12,129.34,2017-11-15,,
2017-11-15 16:11:00,2.9,12.0,36.13,129.36,2017-11-15,2017-11-15 07:11:04.787449781+00:00,2017-11-15 07:11:07.231079869+00:00
2017-11-15 16:08:12,1.6,6.0,36.12,129.36,2017-11-15,2017-11-15 07:08:16.487878439+00:00,2017-11-15 07:08:17.824771984+00:00
2017-11-15 16:06:57,1.8,7.0,36.11,129.36,2017-11-15,2017-11-15 07:07:01.583897864+00:00,2017-11-15 07:07:03.122753354+00:00
2017-11-15 16:06:31,0.3,5.0,36.11,129.38,2017-11-15,2017-11-15 07:06:35.796380404+00:00,2017-11-15 07:06:36.933309307+00:00
2017-11-15 16:05:07,1.2,5.0,36.1,129.34,2017-11-15,2017-11-15 07:05:11.284493364+00:00,2017-11-15 07:05:12.411724722+00:00
2017-11-15 16:03:35,1.4,10.0,36.11,129.35,2017-11-15,2017-11-15 07:03:39.608859384+00:00,2017-11-15 07:03:41.703041347+00:00
2017-11-15 16:02:22,1.5,7.0,36.11,129.35,2017-11-15,2017-11-15 07:02:26.442313398+00:00,2017-11-15 07:02:27.975741701+00:00
2017-11-15 16:00:37,1.4,,36.1,129.35,2017-11-15,,
2017-11-15 15:58:37,1.2,,36.07,129.32,2017-11-15,,
2017-11-15 15:56:33,1.6,,36.09,129.34,2017-11-15,,
2017-11-15 15:55:00,2.2,10.0,36.12,129.37,2017-11-15,2017-11-15 06:55:04.832869222+00:00,2017-11-15 06:55:06.943863868+00:00
2017-11-15 15:54:27,1.7,8.0,36.12,129.36,2017-11-15,2017-11-15 06:54:31.579017714+00:00,2017-11-15 06:54:33.309696360+00:00
2017-11-15 15:52:56,1.4,5.0,36.1,129.33,2017-11-15,2017-11-15 06:53:00.144170969+00:00,2017-11-15 06:53:01.268320320+00:00
2017-11-15 15:47:56,1.4,7.0,36.09,129.36,2017-11-15,2017-11-15 06:48:00.712498326+00:00,2017-11-15 06:48:02.255989338+00:00
2017-11-15 15:47:22,1.5,7.0,36.1,129.35,2017-11-15,2017-11-15 06:47:26.505000761+00:00,2017-11-15 06:47:28.040875903+00:00
2017-11-15 15:46:12,1.4,6.0,36.12,129.36,2017-11-15,2017-11-15 06:46:16.487878439+00:00,2017-11-15 06:46:17.824771984+00:00
2017-11-15 15:38:39,1.3,7.0,36.11,129.36,2017-11-15,2017-11-15 06:38:43.583897864+00:00,2017-11-15 06:38:45.122753354+00:00
2017-11-15 15:36:19,2.3,7.0,36.09,129.33,2017-11-15,2017-11-15 06:36:23.303072386+00:00,2017-11-15 06:36:24.830798509+00:00
2017-11-15 15:35:29,1.3,6.0,36.08,129.34,2017-11-15,2017-11-15 06:35:33.474713083+00:00,2017-11-15 06:35:34.811235394+00:00
2017-11-15 15:33:54,1.3,7.0,36.12,129.36,2017-11-15,2017-11-15 06:33:58.530397549+00:00,2017-11-15 06:34:00.067243825+00:00
2017-11-15 15:32:07,1.0,9.0,36.09,129.34,2017-11-15,2017-11-15 06:32:11.543617165+00:00,2017-11-15 06:32:13.456505782+00:00
2017-11-15 15:25:48,1.4,5.0,36.09,129.34,2017-11-15,2017-11-15 06:25:52.357893757+00:00,2017-11-15 06:25:53.486657051+00:00
2017-11-15 15:23:50,2.6,11.0,36.09,129.35,2017-11-15,2017-11-15 06:23:54.801813630+00:00,2017-11-15 06:23:57.083073678+00:00
2017-11-15 15:23:36,1.4,8.0,36.09,129.35,2017-11-15,2017-11-15 06:23:40.623005741+00:00,2017-11-15 06:23:42.355832012+00:00
2017-11-15 15:19:46,2.4,11.0,36.14,129.38,2017-11-15,2017-11-15 06:19:50.959355754+00:00,2017-11-15 06:19:53.254197927+00:00
2017-11-15 15:18:59,1.2,9.0,36.09,129.34,2017-11-15,2017-11-15 06:19:03.543617165+00:00,2017-11-15 06:19:05.456505782+00:00
2017-11-15 15:16:23,1.8,7.0,36.11,129.36,2017-11-15,2017-11-15 06:16:27.583897864+00:00,2017-11-15 06:16:29.122753354+00:00
2017-11-15 15:15:58,1.0,5.0,36.1,129.34,2017-11-15,2017-11-15 06:16:02.284493364+00:00,2017-11-15 06:16:03.411724722+00:00
2017-11-15 15:14:59,2.5,9.0,36.11,129.35,2017-11-15,2017-11-15 06:15:03.547488677+00:00,2017-11-15 06:15:05.460627455+00:00
2017-11-15 15:12:33,1.1,6.0,36.12,129.34,2017-11-15,2017-11-15 06:12:37.199156788+00:00,2017-11-15 06:12:38.527358571+00:00
2017-11-15 15:10:55,1.7,,36.1,129.34,2017-11-15,,
2017-11-15 15:09:49,3.5,8.0,36.09,129.34,2017-11-15,2017-11-15 06:09:53.487980862+00:00,2017-11-15 06:09:55.214072563+00:00
2017-11-15 15:08:14,1.5,5.0,36.1,129.38,2017-11-15,2017-11-15 06:08:18.854568121+00:00,2017-11-15 06:08:19.992469033+00:00
2017-11-15 15:07:37,1.4,7.0,36.09,129.35,2017-11-15,2017-11-15 06:07:41.574859963+00:00,2017-11-15 06:07:43.113379477+00:00
2017-11-15 15:06:43,1.6,9.0,36.08,129.34,2017-11-15,2017-11-15 06:06:47.620802718+00:00,2017-11-15 06:06:49.538592990+00:00
2017-11-15 15:05:08,1.3,5.0,36.13,129.37,2017-11-15,2017-11-15 06:05:12.552874809+00:00,2017-11-15 06:05:13.685465005+00:00
2017-11-15 15:03:49,1.1,10.0,36.09,129.34,2017-11-15,2017-11-15 06:03:53.605040065+00:00,2017-11-15 06:03:55.698919674+00:00
2017-11-15 15:02:05,1.3,7.0,36.15,129.39,2017-11-15,2017-11-15 06:02:09.860177054+00:00,2017-11-15 06:02:11.408677842+00:00
2017-11-15 15:00:54,2.9,8.0,36.11,129.35,2017-11-15,2017-11-15 06:00:58.491900943+00:00,2017-11-15 06:01:00.218194236+00:00
2017-11-15 14:58:19,2.9,,36.12,129.37,2017-11-15,,
2017-11-15 14:56:32,2.8,12.0,36.1,129.35,2017-11-15,2017-11-15 05:56:36.806688093+00:00,2017-11-15 05:56:39.252945310+00:00
2017-11-15 14:55:06,1.7,5.0,36.1,129.35,2017-11-15,2017-11-15 05:55:10.425778588+00:00,2017-11-15 05:55:11.555912926+00:00
2017-11-15 14:54:41,1.0,6.0,36.11,129.38,2017-11-15,2017-11-15 05:54:45.829985506+00:00,2017-11-15 05:54:47.175800443+00:00
2017-11-15 14:53:35,1.5,,36.11,129.36,2017-11-15,,
2017-11-15 14:52:55,2.4,9.0,36.11,129.35,2017-11-15,2017-11-15 05:52:59.547488677+00:00,2017-11-15 05:53:01.460627455+00:00
2017-11-15 14:50:05,2.4,8.0,36.1,129.36,2017-11-15,2017-11-15 05:50:09.692110740+00:00,2017-11-15 05:50:11.428224891+00:00
2017-11-15 14:49:33,1.6,10.0,36.1,129.35,2017-11-15,2017-11-15 05:49:37.669283043+00:00,2017-11-15 05:49:39.768175550+00:00
2017-11-15 14:47:23,1.6,5.0,36.1,129.36,2017-11-15,2017-11-15 05:47:27.567937280+00:00,2017-11-15 05:47:28.700809379+00:00
2017-11-15 14:46:18,1.8,6.0,36.1,129.36,2017-11-15,2017-11-15 05:46:22.603246916+00:00,2017-11-15 05:46:23.943300515+00:00
2017-11-15 14:46:00,2.5,6.0,36.12,129.39,2017-11-15,2017-11-15 05:46:04.925685755+00:00,2017-11-15 05:46:06.273770348+00:00
2017-11-15 14:39:49,1.6,9.0,36.1,129.35,2017-11-15,2017-11-15 05:39:53.608726532+00:00,2017-11-15 05:39:55.525761658+00:00
2017-11-15 14:39:10,1.8,15.0,36.1,129.37,2017-11-15,2017-11-15 05:39:15.301330045+00:00,2017-11-15 05:39:18.269864087+00:00
2017-11-15 14:38:08,1.9,8.0,36.1,129.35,2017-11-15,2017-11-15 05:38:12.553896091+00:00,2017-11-15 05:38:14.283328439+00:00
2017-11-15 14:32:59,3.6,8.0,36.1,129.36,2017-11-15,2017-11-15 05:33:03.692110740+00:00,2017-11-15 05:33:05.428224891+00:00
2017-11-15 14:29:31,5.4,7.0,36.11,129.37,2017-11-15,2017-11-15 05:29:35.726306459+00:00,2017-11-15 05:29:37.270279634+00:00
2017-11-15 14:22:44,2.6,,36.08,129.31,2017-11-15,,
2017-11-15 14:22:32,2.2,8.0,36.11,129.36,2017-11-15,2017-11-15 05:22:36.631948310+00:00,2017-11-15 05:22:38.365205889+00:00
2017-11-15 05:59:38,1.5,5.0,36.1,129.35,2017-11-15,2017-11-14 20:59:42.425778588+00:00,2017-11-14 20:59:43.555912926+00:00
2017-11-15 05:04:17,1.6,5.0,36.1,129.35,2017-11-15,2017-11-14 20:04:21.425778588+00:00,2017-11-14 20:04:22.555912926+00:00
2017-11-15 04:55:15,1.7,7.0,36.1,129.35,2017-11-15,2017-11-14 19:55:19.505000761+00:00,2017-11-14 19:55:21.040875903+00:00
2017-10-03 03:44:39,1.2,16.0,36.02,129.53,2017-10-03,2017-10-02 18:44:46.991451515+00:00,2017-10-02 18:44:50.389061021+00:00
2017-09-29 21:14:37,1.8,19.0,35.86,129.68,2017-09-29,2017-09-29 12:14:48.474725678+00:00,2017-09-29 12:14:52.657319902+00:00
2017-09-23 03:09:55,1.1,5.0,36.1,129.35,2017-09-23,2017-09-22 18:09:59.425778588+00:00,2017-09-22 18:10:00.555912926+00:00
2017-09-22 23:27:21,1.3,8.0,36.11,129.35,2017-09-22,2017-09-22 14:27:25.491900943+00:00,2017-09-22 14:27:27.218194236+00:00
2017-09-16 17:55:55,1.6,10.0,36.12,129.36,2017-09-16,2017-09-16 08:55:59.693779482+00:00,2017-09-16 08:56:01.794543471+00:00
2017-09-11 16:19:24,1.9,5.0,36.1,129.35,2017-09-11,2017-09-11 07:19:28.425778588+00:00,2017-09-11 07:19:29.555912926+00:00
2017-06-25 12:47:31,1.0,19.0,35.98,129.61,2017-06-25,2017-06-25 03:47:40.526061157+00:00,2017-06-25 03:47:44.564578894+00:00
2017-04-15 17:16:47,2.0,8.0,36.11,129.37,2017-04-15,2017-04-15 08:16:51.772901621+00:00,2017-04-15 08:16:53.512732169+00:00
2017-04-15 11:31:13,3.1,13.0,36.11,129.36,2017-04-15,2017-04-15 02:31:17.955891942+00:00,2017-04-15 02:31:20.576654985+00:00
2017-03-19 10:08:07,1.9,19.0,35.88,129.71,2017-03-19,2017-03-19 01:08:18.640648573+00:00,2017-03-19 01:08:22.843854442+00:00
2017-03-09 02:24:31,2.0,22.0,35.82,129.78,2017-03-09,2017-03-08 17:24:43.933600261+00:00,2017-03-08 17:24:49.024582048+00:00
